タイトル,Like,Like12,justifycenter,textgray80016
山荘天水,大分県・天ケ瀬温泉  ／日田温泉・天ケ瀬温泉,4.82 - 最高 （57件） ,"10% (6,800円分) 割引"," 税込 61,200円～"
奥日田温泉　うめひびき,大分県・奥日田  ／日田温泉・天ケ瀬温泉,4.55 - すばらしい （66件） ,"22% (8,778円分) 割引"," 税込 31,452円～"
日田温泉　亀山亭ホテル,大分県・日田温泉  ／日田温泉・天ケ瀬温泉,3.76 （16件） ,"25% (3,925円分) 割引"," 税込 11,775円～"
浮羽別館　新紫陽,大分県・天ヶ瀬温泉  ／日田温泉・天ケ瀬温泉,4.41 - 良い （19件） ,1% (250円分) 割引," 税込 24,830円～"
旅籠かやうさぎ,大分県・日田  ／日田温泉・天ケ瀬温泉,4.64 - すばらしい （25件） ,"10% (4,360円分) 割引"," 税込 39,240円～"
日田温泉　はなの樹　RIVER TERRACE,大分県・日田 ,4.42 - 良い （41件） ,"15% (2,355円分) 割引"," 税込 13,345円～"
ホテルルートイン日田駅前,大分県・JR久大本線日田駅徒歩1分 ,4.25 - 良い （39件） ,"10% (1,230円分) 割引"," 税込 11,070円～"
伯亭　若の屋,大分県・日田市豆田町 ,,"10% (4,200円分) 割引"," 税込 37,800円～"
スマイルホテル大分日田,大分県・日田 ,4.10 （25件） ,10% (940円分) 割引," 税込 8,500円～"
Ryokan & Sauna Yorozuya Hita,大分県・日田温泉・天ケ瀬温泉  ／日田温泉・天ケ瀬温泉,,"15% (15,525円分) 割引"," 税込 88,051円～"
天ヶ瀬温泉 成天閣,大分県・日田 ,4.55 - すばらしい （10件） ,"20% (4,400円分) 割引"," 税込 17,600円～"
瀬音、湯音の宿浮羽,大分県・天ヶ瀬温泉 ,,1% (217円分) 割引," 税込 21,519円～"
ホテルソシア,大分県・日田 ,,"10% (1,260円分) 割引"," 税込 11,390円～"
ryokan 天龍,大分県・日田  ／日田温泉・天ケ瀬温泉,,"10% (2,200円分) 割引"," 税込 19,800円～"
旅の宿　さつき,大分県・日田市 ,,"10% (1,360円分) 割引"," 税込 12,240円～"
オーベルジュリヒト,大分県・日田市 ,,"10% (4,040円分) 割引"," 税込 36,360円～"
川と山を楽しむ一軒宿　民宿ひろしげ,大分県・日田市 ,,"10% (1,320円分) 割引"," 税込 11,880円～"
旅館　ひたや,大分県・日田市  ／日田温泉・天ケ瀬温泉,,"10% (1,760円分) 割引"," 税込 15,840円～"
プラザホテルフジノイ,大分県・日田 ,,"10% (1,100円分) 割引"," 税込 9,900円～"
caffel ひなのさと,大分県・日田  ／日田温泉・天ケ瀬温泉,4.16 （11件） ,"10% (1,790円分) 割引"," 税込 16,110円～"
